question_id,match,raw_question,market_type,base_prob,market_prob,model_prob,context_adj,confidence,expected_field_prob,model_family,team,opponent,player,threshold,stat,period,evidence_score,alpha_team,alpha_opp,model_market_weight,team_sot_evidence_score,opp_sot_evidence_score,team_is_chasing_underdog,opp_is_chasing_underdog,underdog_chasing_2h_share,second_half_team_bump,second_half_opp_bump,mu_team,mu_opp,team_sot_mu_topdown,team_sot_mu_bottomup,team_sot_gate_mu,team_sot_gate_divergence,team_sot_gate_flag,team_sot_gate_note,team_sot_context_multiplier,team_sot_context_capped_multiplier,team_sot_context_flag,team_sot_context_note,lambda_team,lambda_opp,engine_derivation,lambda_team_2h,lambda_team_1h,generated_model_probability,used_model_probability,anchor_probability,shrink_coeff,raw_probability,shrunk_probability,final_probability,submit_probability_0_100,edge_vs_expected_field,red_team_flags,update_triggers
1,France-Iraq,"At halftime, will Iraq have more corner kicks than France?",period_specific,0.28,,,0,medium,,relative_nb,Iraq,France,,,corners,1H,0.72,0.20,0.20,,,,,,,,,1.9010,5.5272,,,,,,,,,,,,,,,,0.1162,0.1162,0.2800,0.86,0.2063,0.2166,0.2166,22,,Noisy market with strong probability: verify lineup/game-state sensitivity. | Extreme forecast without high evidence score: verify assumptions.,lineups; injuries/suspensions; referee; weather; tactical news; market move
2,France-Iraq,Will France commit more fouls than Iraq?,team_stat,0.42,,,0,medium,,relative_nb,France,Iraq,,,fouls,full,0.68,0.20,0.20,,,,,,,,,9.0451,15.9666,,,,,,,,,,,,,,,,0.2139,0.2139,0.4200,0.84,0.3169,0.3334,0.3334,33,,,lineups; injuries/suspensions; referee; weather; tactical news; market move
3,France-Iraq,Will Iraq receive at least 1 card in the second half?,period_specific,0.44,,,0,medium,,threshold_nb,Iraq,France,,1,cards,2H,0.66,0.28,,,,,,,,,,1.4287,,,,,,,,,,,,,,,,,0.6993,0.6993,0.4400,0.83,0.5567,0.5369,0.5369,54,,,lineups; injuries/suspensions; referee; weather; tactical news; market move
4,France-Iraq,Will both teams score AND the match have 3 or more total goals?,goals,0.30,,0.3102,0,medium_high,,,France,Iraq,,,goals,full,0.82,,,,,,,,,,,,,,,,,,,,,,,3.2000,0.4500,poisson_joint_btts_and_total_ge3,,,,0.3102,0.3000,0.91,0.3025,0.3023,0.3023,30,,,lineups; injuries/suspensions; referee; weather; tactical news; market move
5,France-Iraq,Will Iraq have 2 or more shots on target in the second half?,period_specific,0.34,,,0,medium_high,,threshold_nb,Iraq,France,,2,sot,2H,0.75,0.30,,,0.72,,1,,0.56,,,1.2648,,1.7109,2.5000,2.2585,0.3156,REVIEW,"SOT gate REVIEW: top-down=1.71, bottom-up=2.50, divergence=31.6%. Using bottom-up anchored mu=2.26.",0.6844,0.6844,OK,Context multiplier OK: 0.68x.,,,,,,0.3440,0.3440,0.3400,0.88,0.3418,0.3416,0.3416,34,,,lineups; injuries/suspensions; referee; weather; tactical news; market move
6,France-Iraq,Will France win the match?,match_outcome,0.88,0.8800,,0,very_high,,match_poisson_win,France,Iraq,,,goals,full,0.90,,,0.75,,,,,,,,,,,,,,,,,,,,3.2000,0.4500,,,,0.8834,0.8834,0.8800,1.00,0.8807,0.8807,0.7800,78,,,lineups; injuries/suspensions; referee; weather; tactical news; market move
7,France-Iraq,Will Iraq score in the second half?,period_specific,0.24,,0.2228,0,medium_high,,,Iraq,France,,1,goals,2H,0.78,,,,,,,,,,,,,,,,,,,,,,,0.4500,,poisson_ge1_from_team_lambda_2h_share_0.56,0.2520,,,0.2228,0.2400,0.89,0.2323,0.2331,0.2331,23,,,lineups; injuries/suspensions; referee; weather; tactical news; market move
8,France-Iraq,Will Iraq have 4 or more shots on target?,team_stat,0.30,,,0,medium_high,,threshold_nb,Iraq,France,,4,sot,full,0.75,0.22,,,0.72,,,,,,,2.2585,,1.7109,2.5000,2.2585,0.3156,REVIEW,"SOT gate REVIEW: top-down=1.71, bottom-up=2.50, divergence=31.6%. Using bottom-up anchored mu=2.26.",0.6844,0.6844,OK,Context multiplier OK: 0.68x.,,,,,,0.2162,0.2162,0.3000,0.88,0.2581,0.2633,0.2633,26,,,lineups; injuries/suspensions; referee; weather; tactical news; market move
9,France-Iraq,Will France score in the first half?,period_specific,0.76,,0.8106,0,high,,,France,Iraq,,1,goals,1H,0.86,,,,,,,,,,,,,,,,,,,,,,,3.2000,,poisson_ge1_from_team_lambda_1h_share_0.52,,1.6640,,0.8106,0.7600,0.93,0.7828,0.7812,0.7400,74,,,lineups; injuries/suspensions; referee; weather; tactical news; market move
