question_id,match,raw_question,market_type,base_prob,market_prob,model_prob,context_adj,confidence,expected_field_prob,model_family,team,opponent,player,threshold,stat,period,evidence_score,alpha_team,alpha_opp,model_market_weight,team_sot_evidence_score,opp_sot_evidence_score,team_is_chasing_underdog,opp_is_chasing_underdog,underdog_chasing_2h_share,second_half_team_bump,second_half_opp_bump,mu_team,mu_opp,team_sot_mu_topdown,team_sot_mu_bottomup,team_sot_gate_mu,team_sot_gate_divergence,team_sot_gate_flag,team_sot_gate_note,team_sot_context_multiplier,team_sot_context_capped_multiplier,team_sot_context_flag,team_sot_context_note,lambda_team,lambda_opp,engine_derivation,lambda_team_2h,lambda_team_1h
1,France-Iraq,"At halftime, will Iraq have more corner kicks than France?",period_specific,0.28,,,0,medium,,relative_nb,Iraq,France,,,corners,1H,0.72,0.20,0.20,,,,,,,,,1.9010,5.5272,,,,,,,,,,,,,,,
2,France-Iraq,Will France commit more fouls than Iraq?,team_stat,0.42,,,0,medium,,relative_nb,France,Iraq,,,fouls,full,0.68,0.20,0.20,,,,,,,,,9.0451,15.9666,,,,,,,,,,,,,,,
3,France-Iraq,Will Iraq receive at least 1 card in the second half?,period_specific,0.44,,,0,medium,,threshold_nb,Iraq,France,,1,cards,2H,0.66,0.28,,,,,,,,,,1.4287,,,,,,,,,,,,,,,,
4,France-Iraq,Will both teams score AND the match have 3 or more total goals?,goals,0.30,,0.3102,0,medium_high,,,France,Iraq,,,goals,full,0.82,,,,,,,,,,,,,,,,,,,,,,,3.2000,0.4500,poisson_joint_btts_and_total_ge3,,
5,France-Iraq,Will Iraq have 2 or more shots on target in the second half?,period_specific,0.34,,,0,medium_high,,threshold_nb,Iraq,France,,2,sot,2H,0.75,0.30,,,0.72,,1,,0.56,,,1.2648,,1.7109,2.5000,2.2585,0.3156,REVIEW,"SOT gate REVIEW: top-down=1.71, bottom-up=2.50, divergence=31.6%. Using bottom-up anchored mu=2.26.",0.6844,0.6844,OK,Context multiplier OK: 0.68x.,,,,,
6,France-Iraq,Will France win the match?,match_outcome,0.88,0.8800,,0,very_high,,match_poisson_win,France,Iraq,,,goals,full,0.90,,,0.75,,,,,,,,,,,,,,,,,,,,3.2000,0.4500,,,
7,France-Iraq,Will Iraq score in the second half?,period_specific,0.24,,0.2228,0,medium_high,,,Iraq,France,,1,goals,2H,0.78,,,,,,,,,,,,,,,,,,,,,,,0.4500,,poisson_ge1_from_team_lambda_2h_share_0.56,0.2520,
8,France-Iraq,Will Iraq have 4 or more shots on target?,team_stat,0.30,,,0,medium_high,,threshold_nb,Iraq,France,,4,sot,full,0.75,0.22,,,0.72,,,,,,,2.2585,,1.7109,2.5000,2.2585,0.3156,REVIEW,"SOT gate REVIEW: top-down=1.71, bottom-up=2.50, divergence=31.6%. Using bottom-up anchored mu=2.26.",0.6844,0.6844,OK,Context multiplier OK: 0.68x.,,,,,
9,France-Iraq,Will France score in the first half?,period_specific,0.76,,0.8106,0,high,,,France,Iraq,,1,goals,1H,0.86,,,,,,,,,,,,,,,,,,,,,,,3.2000,,poisson_ge1_from_team_lambda_1h_share_0.52,,1.6640
