question_id,raw_question,generated_model_probability,used_model_probability,final_probability,submit_probability_0_100,mu_team,mu_opp,mu_team_2h,mu_opp_2h,lambda_team,lambda_opp,red_team_flags
1,"At halftime, will Iraq have more corner kicks than France?",0.1162,0.1162,0.2166,22,1.9010,5.5272,,,,,Noisy market with strong probability: verify lineup/game-state sensitivity. | Extreme forecast without high evidence score: verify assumptions.
2,Will France commit more fouls than Iraq?,0.2139,0.2139,0.3334,33,9.0451,15.9666,,,,,
3,Will Iraq receive at least 1 card in the second half?,0.6993,0.6993,0.5369,54,1.4287,,,,,,
4,Will both teams score AND the match have 3 or more total goals?,,0.3102,0.3023,30,,,,,3.2000,0.4500,
5,Will Iraq have 2 or more shots on target in the second half?,0.3440,0.3440,0.3416,34,1.2648,,,,,,
6,Will France win the match?,0.8834,0.8834,0.7800,78,,,,,3.2000,0.4500,
7,Will Iraq score in the second half?,,0.2228,0.2331,23,,,,,0.4500,,
8,Will Iraq have 4 or more shots on target?,0.2162,0.2162,0.2633,26,2.2585,,,,,,
9,Will France score in the first half?,,0.8106,0.7400,74,,,,,3.2000,,
