prop_family,threshold,model,n,brier,avg_p,event_rate
both_1plus_2h,1,BivarNB,261,0.21316274206896552,0.729527969348659,0.6973180076628352
both_1plus_2h,1,COM-Poisson,261,0.21442198582803143,0.689964374185574,0.6973180076628352
both_1plus_2h,1,NegBin,261,0.21301416709290014,0.7255581478773059,0.6973180076628352
both_1plus_2h,1,Poisson,261,0.22239872130501903,0.7980628292971206,0.6973180076628352
both_1plus_2h,1,WeibullCount,261,0.22358720749493408,0.7988200563984675,0.6973180076628352
match_total,6,BivarNB,261,0.17544314176245213,0.7408260536398468,0.7816091954022989
match_total,6,COM-Poisson,261,0.1731702647388401,0.7833297174138211,0.7816091954022989
match_total,6,NegBin,261,0.1736727962796437,0.7613382193088472,0.7816091954022989
match_total,6,Poisson,261,0.17735801061305234,0.8472233756830964,0.7816091954022989
match_total,6,WeibullCount,261,0.18017491782248166,0.864487295019157,0.7816091954022989
match_total,7,BivarNB,261,0.2249796830651341,0.6430099616858238,0.6666666666666666
match_total,7,COM-Poisson,261,0.22519371800674035,0.6862114332872329,0.6666666666666666
match_total,7,NegBin,261,0.2238879288761385,0.6624281409126548,0.6666666666666666
match_total,7,Poisson,261,0.2304527262108571,0.7423105062635252,0.6666666666666666
match_total,7,WeibullCount,261,0.23403872951787882,0.7534077504980843,0.6666666666666666
match_total,8,BivarNB,261,0.24718170360153258,0.5436904214559387,0.5555555555555556
match_total,8,COM-Poisson,261,0.24925578514942454,0.5806990128483724,0.5555555555555556
match_total,8,NegBin,261,0.24771612292502224,0.5589455216038197,0.5555555555555556
match_total,8,Poisson,261,0.25345429206483233,0.6162345887718269,0.5555555555555556
match_total,8,WeibullCount,261,0.2553444125789333,0.6149690360153256,0.5555555555555556
match_total,9,BivarNB,261,0.24361095172413794,0.44883218390804597,0.41379310344827586
match_total,9,COM-Poisson,261,0.24608766484863756,0.4745494779305145,0.41379310344827586
match_total,9,NegBin,261,0.24468013417960846,0.45805302511486556,0.41379310344827586
match_total,9,Poisson,261,0.24994429633932463,0.4828144822308762,0.41379310344827586
match_total,9,WeibullCount,261,0.2481799773644246,0.46716433348659003,0.41379310344827586
match_total,10,BivarNB,261,0.2148235837547893,0.36142988505747126,0.2988505747126437
match_total,10,COM-Poisson,261,0.21728988418414608,0.37464541666467077,0.2988505747126437
match_total,10,NegBin,261,0.21515457208084393,0.3652605968744112,0.2988505747126437
match_total,10,Poisson,261,0.21663792134739926,0.35648433922003925,0.2988505747126437
match_total,10,WeibullCount,261,0.21521159336289436,0.32953131524904217,0.2988505747126437
match_total,11,BivarNB,261,0.1850798829118774,0.28592643678160923,0.24521072796934865
match_total,11,COM-Poisson,261,0.18534175823517662,0.2859840568644145,0.24521072796934865
match_total,11,NegBin,261,0.18535941975612513,0.2840039870343724,0.24521072796934865
match_total,11,Poisson,261,0.1848711718866162,0.24810147456770115,0.24521072796934865
match_total,11,WeibullCount,261,0.18501774625586875,0.2161249563218391,0.24521072796934865
match_total,12,BivarNB,261,0.15175423325670498,0.222,0.17624521072796934
match_total,12,COM-Poisson,261,0.15177194828928914,0.2113203545739965,0.17624521072796934
match_total,12,NegBin,261,0.1515186355201486,0.21576287074348163,0.17624521072796934
match_total,12,Poisson,261,0.15133569180677497,0.1629819379032847,0.17624521072796934
match_total,12,WeibullCount,261,0.15220133501285224,0.1323572744827586,0.17624521072796934
relative_2h,0,BivarNB,522,0.23082895019157088,0.407016091954023,0.39846743295019155
relative_2h,0,COM-Poisson,522,0.23398409030305797,0.41518066825761035,0.39846743295019155
relative_2h,0,NegBin,522,0.23056672684866092,0.4125046322155674,0.39846743295019155
relative_2h,0,Poisson,522,0.22937905798639419,0.40455995645941184,0.39846743295019155
relative_2h,0,WeibullCount,522,0.22987978600535663,0.392804121072797,0.39846743295019155
relative_total,0,BivarNB,522,0.23372250145593867,0.4409908045977012,0.4425287356321839
relative_total,0,COM-Poisson,522,0.2331480259897179,0.44496610928327873,0.4425287356321839
relative_total,0,NegBin,522,0.23350730718073362,0.4455828548173082,0.4425287356321839
relative_total,0,Poisson,522,0.23107224261147077,0.43250954210111797,0.4425287356321839
relative_total,0,WeibullCount,522,0.23154782928398007,0.42527592275862064,0.4425287356321839
team_2h,1,BivarNB,522,0.131813501302682,0.8517593869731801,0.8409961685823755
team_2h,1,COM-Poisson,522,0.13317018596944016,0.8305932289865531,0.8409961685823755
team_2h,1,NegBin,522,0.13186827184314667,0.8518121084914181,0.8409961685823755
team_2h,1,Poisson,522,0.13457880070566244,0.8933278850749954,0.8409961685823755
team_2h,1,WeibullCount,522,0.1346531632183908,0.8937831417624522,0.8409961685823755
team_2h,2,BivarNB,522,0.2397547874329502,0.6098896551724138,0.5900383141762452
team_2h,2,COM-Poisson,522,0.24168324993960358,0.6008565102636282,0.5900383141762452
team_2h,2,NegBin,522,0.23944291149108612,0.6113291882527145,0.5900383141762452
team_2h,2,Poisson,522,0.24362694998434406,0.6584624684438244,0.5900383141762452
team_2h,2,WeibullCount,522,0.2395884006130268,0.6254490421455938,0.5900383141762452
team_2h,3,BivarNB,522,0.22653128521072796,0.38023754789272035,0.35823754789272033
team_2h,3,COM-Poisson,522,0.22705681815967818,0.3864289996604689,0.35823754789272033
team_2h,3,NegBin,522,0.22620217908318352,0.38258439265512495,0.35823754789272033
team_2h,3,Poisson,522,0.22700281407607723,0.3963144208996683,0.35823754789272033
team_2h,3,WeibullCount,522,0.22555469946360152,0.33780459770114946,0.35823754789272033
team_total,2,BivarNB,522,0.13200316229885056,0.8456927203065134,0.8409961685823755
team_total,2,COM-Poisson,522,0.13169658693326658,0.8567963621172854,0.8409961685823755
team_total,2,NegBin,522,0.13179270325425857,0.8449448020333088,0.8409961685823755
team_total,2,Poisson,522,0.1381015461036267,0.9211704009770364,0.8409961685823755
team_total,2,WeibullCount,522,0.14202876934865902,0.9425547892720306,0.8409961685823755
team_total,3,BivarNB,522,0.20075329716475096,0.6985348659003832,0.7203065134099617
team_total,3,COM-Poisson,522,0.19996421082425986,0.7216406897382369,0.7203065134099617
team_total,3,NegBin,522,0.20042184872573557,0.6991405338430287,0.7203065134099617
team_total,3,Poisson,522,0.2050264475797002,0.7915185725360309,0.7203065134099617
team_total,3,WeibullCount,522,0.20859210513409962,0.8108022988505748,0.7203065134099617
team_total,4,BivarNB,522,0.24555820781609194,0.5409800766283525,0.5306513409961686
team_total,4,COM-Poisson,522,0.24697438041000058,0.5690283835397533,0.5306513409961686
team_total,4,NegBin,522,0.24544013857452518,0.5442965786095837,0.5306513409961686
team_total,4,Poisson,522,0.2524735430566482,0.6121417821164676,0.5306513409961686
team_total,4,WeibullCount,522,0.2545498767816092,0.616239846743295,0.5306513409961686
team_total,5,BivarNB,522,0.23226119172413795,0.398911877394636,0.39080459770114945
team_total,5,COM-Poisson,522,0.2316471358913381,0.42119725475455655,0.39080459770114945
team_total,5,NegBin,522,0.23182920370295917,0.402707439442419,0.39080459770114945
team_total,5,Poisson,522,0.23269180802817452,0.42369488409973577,0.39080459770114945
team_total,5,WeibullCount,522,0.23128553900383142,0.410552490421456,0.39080459770114945
team_total,6,BivarNB,522,0.19319039693486592,0.2823095785440613,0.2720306513409962
team_total,6,COM-Poisson,522,0.193382807811385,0.29388702123277444,0.2720306513409962
team_total,6,NegBin,522,0.19330385647698925,0.2856970780079211,0.2720306513409962
team_total,6,Poisson,522,0.19309060571849207,0.2632678243017537,0.2720306513409962
team_total,6,WeibullCount,522,0.19387903816091956,0.23753716475095785,0.2720306513409962
team_total,7,BivarNB,522,0.15339169593869734,0.19354176245210727,0.19923371647509577
team_total,7,COM-Poisson,522,0.1528456696618557,0.19418314368282974,0.19923371647509577
team_total,7,NegBin,522,0.1534283390381093,0.1957992523386876,0.19923371647509577
team_total,7,Poisson,522,0.1551788714206182,0.14791601297129958,0.19923371647509577
team_total,7,WeibullCount,522,0.15852586911877395,0.11858390804597702,0.19923371647509577
